i_th-ranked model,MAE,MSE,Coverage 95%PI,WIS
1,25.3552416346992,1060.40087940675,91.6666666666667,15.8814381312377
2,21.2667293365114,732.532162044397,100,13.5281189030335
