i_th-ranked model,MAE,MSE,Coverage 95%PI,WIS
1,2110.74505266905,6463912.25932198,100,1295.67170957407
2,17769.3018644842,325036776.61712,0,14952.6112256982
3,6647.81740252116,51130658.5943882,36.6666666666667,5212.62625034718
4,17791.1404581832,325104854.312486,0,14827.0482588047
