i_th-ranked model,MAE,MSE,Coverage 95%PI,WIS
1,2374.6587855997,8161009.52263341,96.6666666666667,1478.09320263592
2,2930.35549781925,12324765.7316173,90,1784.74148118895
3,3423.33838991155,17226880.1115719,86.6666666666667,2259.86025985707
4,5096.37261404155,33261545.1486098,56.6666666666667,3387.62500644147
