i_th-ranked model,MAE,MSE,Coverage 95%PI,WIS
1,25.2385164342619,1054.95446043844,100,15.3411202323321
2,19.6237073913868,765.597846425999,100,13.7604986988214
