Ensemble(i) model,MAE,MSE,Coverage 95%PI,WIS
1,17284.8977959834,309178194.515285,96.6666666666667,6277.35169706402
2,6647.81740252116,51130658.5943882,96.6666666666667,5403.25810634488
3,16857.8776299776,295036820.506693,93.3333333333333,7125.25575949998
