Ensemble(i) model,MAE,MSE,Coverage 95%PI,WIS
1,12.2231686430991,291.436938059688,100,7.46196925669939
