Ensemble(i) model,MAE,MSE,Coverage 95%PI,WIS
1,11.8332204694557,246.313942678662,100,7.29011818955675
