i_th-ranked model,MAE,MSE,Coverage 95%PI,WIS
1,12.6528609915324,328.258084613696,100,7.75165595079352
2,11.807960460364,259.26920502728,100,7.17470048632022
