Ensemble(i) model,MAE,MSE,Coverage 95%PI,WIS
1,2074.95650136457,5913441.43258461,100,1294.4650309142
2,2623.65898054379,9921389.1317257,100,1436.94732535307
3,2979.44127333472,12982763.4980915,100,1682.5655783892
