i_th-ranked model,MAE,MSE,Coverage 95%PI,WIS
1,12.6423958749067,327.215844310562,100,7.75243348893235
2,12.6009103989345,325.572217335694,100,7.88612650779684
